<application>
  <component name="ProjectJdkTable">
    <jdk version="2">
      <name value="Python 3.9 (fites-scripts-sender)" />
      <type value="Python SDK" />
      <version value="Python 3.9.1" />
      <homePath value="$USER_HOME$/Documents/gitlab/fites-scripts-sender/venv/bin/python" />
      <roots>
        <classPath>
          <root type="composite">
            <root url="file:///var/lib/snapd/snap/pycharm-community/226/plugins/python-ce/helpers" type="simple" />
            <root url="file:///usr/lib64/python3.9" type="simple" />
            <root url="file:///usr/lib64/python3.9/lib-dynload" type="simple" />
            <root url="file://$USER_HOME$/Documents/gitlab/fites-scripts-sender/venv/lib64/python3.9/site-packages" type="simple" />
            <root url="file://$USER_HOME$/Documents/gitlab/fites-scripts-sender/venv/lib/python3.9/site-packages" type="simple" />
            <root url="file://$USER_HOME$/.cache/JetBrains/PyCharmCE2020.3/python_stubs/-155361901" type="simple" />
            <root url="file://$APPLICATION_HOME_DIR$/plugins/python-ce/helpers/python-skeletons" type="simple" />
            <root url="file://$APPLICATION_HOME_DIR$/plugins/python-ce/helpers/typeshed/stdlib/3.9" type="simple" />
            <root url="file://$APPLICATION_HOME_DIR$/plugins/python-ce/helpers/typeshed/stdlib/3.7" type="simple" />
            <root url="file://$APPLICATION_HOME_DIR$/plugins/python-ce/helpers/typeshed/stdlib/3" type="simple" />
            <root url="file://$APPLICATION_HOME_DIR$/plugins/python-ce/helpers/typeshed/stdlib/2and3" type="simple" />
            <root url="file://$APPLICATION_HOME_DIR$/plugins/python-ce/helpers/typeshed/third_party/3" type="simple" />
            <root url="file://$APPLICATION_HOME_DIR$/plugins/python-ce/helpers/typeshed/third_party/2and3" type="simple" />
          </root>
        </classPath>
        <sourcePath>
          <root type="composite" />
        </sourcePath>
      </roots>
      <additional ASSOCIATED_PROJECT_PATH="$USER_HOME$/Documents/gitlab/fites-scripts-sender" />
    </jdk>
  </component>
</application>